<?xml version="1.0" encoding="UTF-8"?>
<!DOCTYPE generatorConfiguration
        PUBLIC "-//mybatis.org//DTD MyBatis Generator Configuration 1.0//EN"
        "http://mybatis.org/dtd/mybatis-generator-config_1_0.dtd">

<generatorConfiguration>

    <!--MySQL连接驱动-->
    <classPathEntry location="D:\reposi\mysql\mysql-connector-java\5.1.47\mysql-connector-java-5.1.47.jar" />

    <!--数据库链接URL，用户名、密码 -->
    <context id="MySQL" targetRuntime="MyBatis3">
        <commentGenerator>
            <property name="suppressDate" value="true"/>
            <!-- 是否去除自动生成的注释 true：是 ： false:否 -->
            <property name="suppressAllComments" value="true"/>
        </commentGenerator>
        <jdbcConnection driverClass="com.mysql.jdbc.Driver"
                        connectionURL="jdbc:mysql://127.0.0.1:3306/shopping?useUnicode=true&amp;characterEncoding=utf8&amp;serverTimezone=Asia/Shanghai&amp;useSSL=false"
                        userId="root"
                        password="root">
        </jdbcConnection>

        <!--是否启用java.math.BigDecimal-->
        <javaTypeResolver >
            <property name="forceBigDecimals" value="false" />
        </javaTypeResolver>
        <!-- 生成模型的包名和位置-->
        <javaModelGenerator targetPackage="edu.hunau.cxb.pojo" targetProject="src/main/java">
            <property name="enableSubPackages" value="true" />
            <property name="trimStrings" value="true" />
        </javaModelGenerator>
        <!-- 生成映射文件的包名和位置-->
        <sqlMapGenerator targetPackage="edu.hunau.cxb.mapper"  targetProject="src/main/resources">
            <property name="enableSubPackages" value="true" />
        </sqlMapGenerator>
        <!-- 生成DAO的包名和位置-->
        <javaClientGenerator type="ANNOTATEDMAPPER" targetPackage="edu.hunau.cxb.mapper"  targetProject="src/main/java">
            <property name="enableSubPackages" value="true" />
        </javaClientGenerator>
        <!-- 要生成的表 tableName是数据库中的表名或视图名 domainObjectName是实体类名-->
        <table tableName="car" domainObjectName="Car" />
        <table tableName="goods" domainObjectName="Goods" />
        <table tableName="producer" domainObjectName="Product" />
        <table tableName="user" domainObjectName="User" />
    </context>
</generatorConfiguration>