<?xml version="1.0" encoding="UTF-8"?>
<!DOCTYPE generatorConfiguration
        PUBLIC "-//mybatis.org//DTD MyBatis Generator Configuration 1.0//EN"
        "http://mybatis.org/dtd/mybatis-generator-config_1_0.dtd">
<generatorConfiguration>

    <classPathEntry location="D:\Java\mybatisReverse\mybatsreverseoracle\lib\ojdbc8.jar" />
    <context id="caigouTables" targetRuntime="MyBatis3">
        <commentGenerator>
            <!-- 是否去除自动生成的注释 true：是 ： false:否 -->
            <property name="suppressAllComments" value="true" />
        </commentGenerator>
        <!--数据库连接的信息：驱动类、连接地址、用户名、密码 -->
        <jdbcConnection driverClass="oracle.jdbc.OracleDriver"
                        connectionURL="jdbc:oracle:thin:@127.0.0.1:1521:orcl"
                        userId="c##user"
                        password="system">
        </jdbcConnection>
        <!-- 默认false，把JDBC DECIMAL 和 NUMERIC 类型解析为 Integer true，把JDBC DECIMAL 和
            NUMERIC 类型解析为java.math.BigDecimal -->
        <javaTypeResolver>
            <property name="forceBigDecimals" value="false" />
        </javaTypeResolver>
        <!-- 生成模型的包名和位置-->
        <javaModelGenerator targetPackage="com.yy.pojo" targetProject="src/main/java">
            <property name="enableSubPackages" value="true" />
            <property name="trimStrings" value="true" />
        </javaModelGenerator>
        <!-- 生成映射文件的包名和位置-->
        <sqlMapGenerator targetPackage="mapper"  targetProject="src/main/resources">
            <property name="enableSubPackages" value="true" />
        </sqlMapGenerator>
        <!-- 生成DAO的包名和位置-->
        <!-- 客户端代码，生成易于使用的针对Model对象和XML配置文件 的代码
                type="ANNOTATEDMAPPER",生成Java Model 和基于注解的Mapper对象annotatedmapper
                type="MIXEDMAPPER",生成Java Model 和相应基于注解和xml混合使用的Mapper对象
                type="XMLMAPPER",生成SQLMap XML文件和独立的Mapper接口
        -->
        <javaClientGenerator type="ANNOTATEDMAPPER" targetPackage="com.yy.mapper"  targetProject="src/main/java">
            <property name="enableSubPackages" value="true" />
        </javaClientGenerator>
        <!-- 要生成的表 tableName是数据库中的表名或视图名 domainObjectName是实体类名-->
        <!-- 系统用户
        这里不指定schema，逆向工程会查询c##user都有哪些schema，对每个schema生成对象
         -->
        <table schema="" tableName="countries" />
        <table schema="" tableName="departments" />
        <table schema="" tableName="employees" />
        <table schema="" tableName="jobs" />
        <table schema="" tableName="job_history" />
        <table schema="" tableName="locations" />
        <table schema="" tableName="regions" />
        <table schema="" tableName="sal_grades" />
        <table schema="" tableName="users" />
    </context>
</generatorConfiguration>